{"owod/U-Recall": 32.28091337069669, "owod/WI": 0.01279, "owod/A-OSE": null, "owod/PK": 0.0, "owod/CK": 27.155354844966524, "owod/Both": 27.155354844966524, "data_time": 0.0004341910775838779, "time": 0.015839421332027974}