{
  "config": "configs/owod_ft/yolo_uniow_l_lora_bn_1e-3_40e_8gpus_owod_idd_t2.py",
  "checkpoint": "work_dirs/yolo_uniow_l_lora_bn_1e-3_20e_8gpus_owod_idd_train_task2_10shot_seed1_wapr/best_owod_Both_epoch_40.pth",
  "cache": "cache/idd/viscache_10shot_seed1.pt",
  "num_samples": 62985,
  "taus": [
    0.5,
    0.55,
    0.6,
    0.65
  ],
  "margins": [
    0.0005,
    0.001,
    0.002,
    0.003,
    0.005
  ],
  "by_role": {
    "base": {
      "n": 55023,
      "tunk": {
        "n": 55023,
        "mean": 0.0032869514729265727,
        "p50": 0.00016978672647383064,
        "p75": 0.0014841590891592205,
        "p90": 0.006067589391022925,
        "p95": 0.01271475851535797
      },
      "best_novel": {
        "n": 55023,
        "mean": 0.0035690399306255835,
        "p50": 7.777967402944341e-05,
        "p75": 0.0007811881951056421,
        "p90": 0.004322081711143256,
        "p95": 0.012499997392296763
      },
      "margin": {
        "n": 55023,
        "mean": -0.0002820884563777303,
        "p50": -5.737154729155286e-14,
        "p75": 0.000362017861334607,
        "p90": 0.003654257254675033,
        "p95": 0.00848130332306026
      },
      "cache_cos": {
        "n": 55023,
        "mean": 0.5987639464369581,
        "p50": 0.5920768976211548,
        "p75": 0.6969874501228333,
        "p90": 0.817626416683197,
        "p95": 0.8652501225471496
      },
      "tunk_wins": 278
    },
    "novel": {
      "n": 6036,
      "tunk": {
        "n": 6036,
        "mean": 0.01481661930003508,
        "p50": 2.0803106963285245e-05,
        "p75": 0.0029600762063637376,
        "p90": 0.03982904739677906,
        "p95": 0.08635114878416061
      },
      "best_novel": {
        "n": 6036,
        "mean": 0.03844762790058628,
        "p50": 0.0002860713575500995,
        "p75": 0.027111445553600788,
        "p90": 0.12986639142036438,
        "p95": 0.21275151148438454
      },
      "margin": {
        "n": 6036,
        "mean": -0.023631008642043618,
        "p50": -4.2241133996867575e-05,
        "p75": -2.350025452013682e-10,
        "p90": -2.2959876238600038e-15,
        "p95": 1.8637656467035413e-05
      },
      "cache_cos": {
        "n": 6036,
        "mean": 0.7877828752124563,
        "p50": 0.8093601763248444,
        "p75": 0.8856705129146576,
        "p90": 0.9231813848018646,
        "p95": 0.9386392533779144
      },
      "tunk_wins": 247
    },
    "unknown": {
      "n": 1926,
      "tunk": {
        "n": 1926,
        "mean": 0.011644948185276833,
        "p50": 3.4424954264977714e-06,
        "p75": 0.000297030019282829,
        "p90": 0.006445165723562241,
        "p95": 0.037454480305314064
      },
      "best_novel": {
        "n": 1926,
        "mean": 0.00509892192112575,
        "p50": 5.818605472995841e-07,
        "p75": 4.396075655677123e-05,
        "p90": 0.000557841791305691,
        "p95": 0.006028103991411626
      },
      "margin": {
        "n": 1926,
        "mean": 0.006546026283438317,
        "p50": -5.392538271767681e-18,
        "p75": 6.480736374214757e-05,
        "p90": 0.003449462936259806,
        "p95": 0.021978997625410557
      },
      "cache_cos": {
        "n": 1926,
        "mean": 0.6636145966957291,
        "p50": 0.6314515173435211,
        "p75": 0.8286984860897064,
        "p90": 0.9117793440818787,
        "p95": 0.9301494508981705
      },
      "tunk_wins": 582
    }
  }
}