{"owod/U-Recall": 58.1402418232317, "owod/WI": 0.01887, "owod/A-OSE": null, "owod/PK": 0.0, "owod/CK": 39.47325726632498, "owod/Both": 39.47325726632498, "data_time": 0.00037372892528484, "time": 0.01537555568111031}